{
    "2015-2016": {
        "3260": {
            "name": "Stredná odborná škola obchodu a služieb",
            "address": {
                "street": "Budovateľská 32",
                "village": "Komárno",
                "zip": "94501"
            },
            "district": "Komárno",
            "region": "Nitriansky kraj",
            "footprint": "308.889"
        },
        "3191": {
            "name": "Gymnázium",
            "address": {
                "street": "Hlinská 29",
                "village": "Žilina",
                "zip": "01180"
            },
            "district": "Žilina",
            "region": "Žilinský kraj",
            "footprint": "193.7869"
        },
        "3208": {
            "name": "Obchodná akadémia",
            "address": {
                "street": "Račianska 107",
                "village": "Bratislava-Nové Mesto",
                "zip": "83102"
            },
            "district": "Bratislava III",
            "region": "Bratislavský kraj",
            "footprint": "215.3148"
        },
        "3205": {
            "name": "Základná škola s MŠ",
            "address": {
                "street": "Školská 19",
                "village": "Sokolovce",
                "zip": "92231"
            },
            "district": "Piešťany",
            "region": "Trnavský kraj",
            "footprint": "27.8972"
        },
        "3259": {
            "name": "Materská škola",
            "address": {
                "street": "J.Bánika 1733/41",
                "village": "Zvolen",
                "zip": "96001"
            },
            "district": "Zvolen",
            "region": "Banskobystrický kraj",
            "footprint": "13.277"
        },
        "3248": {
            "name": "Základná škola s MŠ",
            "address": {
                "street": "Udiča 248",
                "village": "Udiča",
                "zip": "01801"
            },
            "district": "Považská Bystrica",
            "region": "Trenčiansky kraj",
            "footprint": "52.4207"
        },
        "3181": {
            "name": "Základná škola",
            "address": {
                "street": "Pugačevova 1381/7",
                "village": "Humenné",
                "zip": "6601"
            },
            "district": "Humenné",
            "region": "Prešovský kraj",
            "footprint": "108.3965"
        },
        "3142": {
            "name": "Špeciálna základná škola",
            "address": {
                "street": "SNP 49",
                "village": "Krompachy",
                "zip": "05342"
            },
            "district": "Spišská Nová Ves",
            "region": "Košický kraj",
            "footprint": "31.3735"
        },
        "3253": {
            "name": "Základná škola s MŠ",
            "address": {
                "street": "Tušická Nová Ves 64",
                "village": "Tušická Nová Ves",
                "zip": "7202"
            },
            "district": "Michalovce",
            "region": "Košický kraj",
            "footprint": "47.2145"
        },
        "3245": {
            "name": "Základná škola s materskou školou",
            "address": {
                "street": "Žbince 145",
                "village": "Žbince",
                "zip": "07216"
            },
            "district": "Michalovce",
            "region": "Košický kraj",
            "footprint": "37.1133"
        },
        "3249": {
            "name": "SPŠ elektrotechnická",
            "address": {
                "street": "Komenského 44",
                "village": "Košice",
                "zip": "04001"
            },
            "district": "Košice I",
            "region": "Košický kraj",
            "footprint": "422.7219"
        },
        "3264": {
            "name": "Základná škola",
            "address": {
                "street": "Českoslov. armády 15",
                "village": "Moldava nad Bodvou",
                "zip": "4501"
            },
            "district": "Košice - okolie",
            "region": "Košický kraj",
            "footprint": "182.2051"
        },
        "3192": {
            "name": "Špec. základná škola",
            "address": {
                "street": "Toporec 39",
                "village": "Toporec",
                "zip": "5995"
            },
            "district": "Kežmarok",
            "region": "Prešovský kraj",
            "footprint": "6.6714"
        },
        "3186": {
            "name": "Základná škola s MŠ",
            "address": {
                "street": "Nám. O. Cabana 36",
                "village": "Komjatice",
                "zip": "94106"
            },
            "district": "Nové Zámky",
            "region": "Nitriansky kraj",
            "footprint": "127.8018"
        },
        "3256": {
            "name": "Základná škola",
            "address": {
                "street": "Nám. kpt. Nálepku 12",
                "village": "Drienov",
                "zip": "8204"
            },
            "district": "Prešov",
            "region": "Prešovský kraj",
            "footprint": "57.3884"
        },
        "3176": {
            "name": "Materská škola",
            "address": {
                "street": "Jenisejská 24",
                "village": "Košice",
                "zip": "04012"
            },
            "district": "Košice IV",
            "region": "Košický kraj",
            "footprint": "45.0681"
        },
        "3243": {
            "name": "Materská škola",
            "address": {
                "street": "Neporadza 127",
                "village": "Neporadza",
                "zip": "91326"
            },
            "district": "Trenčín",
            "region": "Trenčiansky kraj",
            "footprint": "12.6836"
        },
        "3175": {
            "name": "Stredná zdravotnícka škola",
            "address": {
                "street": "Lúčna 2",
                "village": "Lučenec",
                "zip": "98417"
            },
            "district": "Lučenec",
            "region": "Banskobystrický kraj",
            "footprint": "114.3289"
        },
        "3170": {
            "name": "Špec.základná škola",
            "address": {
                "street": "Zvolenská cesta 59",
                "village": "Lučenec",
                "zip": "98401"
            },
            "district": "Lučenec",
            "region": "Banskobystrický kraj",
            "footprint": "55.742"
        },
        "3268": {
            "name": "Materská škola",
            "address": {
                "street": "Rázdolie 191/10",
                "village": "Malé Uherce",
                "zip": "95803"
            },
            "district": "Partizánske",
            "region": "Trenčiansky kraj",
            "footprint": "7.7991"
        },
        "3251": {
            "name": "Materská škola",
            "address": {
                "street": "Obuvnícka 435/30",
                "village": "Partizánske",
                "zip": "95801"
            },
            "district": "Partizánske",
            "region": "Trenčiansky kraj",
            "footprint": "49.6227"
        },
        "3194": {
            "name": "MŠ pri ZŠ",
            "address": {
                "street": "Trstín 372",
                "village": "Trstín",
                "zip": "91905"
            },
            "district": "Trnava",
            "region": "Trnavský kraj",
            "footprint": "18.8154"
        },
        "3165": {
            "name": "Materská škola",
            "address": {
                "street": "Sásovská cesta 21",
                "village": "Banská Bystrica",
                "zip": "97411"
            },
            "district": "Banská Bystrica",
            "region": "Banskobystrický kraj",
            "footprint": "25.8155"
        },
        "3247": {
            "name": "Špec. základná škola",
            "address": {
                "street": "Zelený háj, Hlavná 157",
                "village": "Hurbanovo",
                "zip": "94701"
            },
            "district": "Komárno",
            "region": "Nitriansky kraj",
            "footprint": "6.1472"
        },
        "3167": {
            "name": "Materská škola",
            "address": {
                "street": "Svätej Alžbety 140",
                "village": "Kravany",
                "zip": "05918"
            },
            "district": "Poprad",
            "region": "Prešovský kraj",
            "footprint": "13.2691"
        }
    },
    "2016-2017": {
        "3327": {
            "name": "Stredná odborná škola obchodu a služieb",
            "address": {
                "street": "Budovateľská 32",
                "village": "Komárno",
                "zip": "94501"
            },
            "district": "Komárno",
            "region": "Nitriansky kraj",
            "footprint": "3221.2405"
        },
        "3280": {
            "name": "Základná škola s MŠ",
            "address": {
                "street": "Kľačany 263",
                "village": "Kľačany",
                "zip": "92064"
            },
            "district": "Hlohovec",
            "region": "Trnavský kraj",
            "footprint": "23.1717"
        },
        "3308": {
            "name": "Materská škola",
            "address": {
                "street": "Centrum 2496/27",
                "village": "Zvolen",
                "zip": "96001"
            },
            "district": "Zvolen",
            "region": "Banskobystrický kraj",
            "footprint": "27.0335"
        },
        "3334": {
            "name": "Materská škola",
            "address": {
                "street": "J.Bánika 1733/41",
                "village": "Zvolen",
                "zip": "96001"
            },
            "district": "Zvolen",
            "region": "Banskobystrický kraj",
            "footprint": "14.4483"
        },
        "3335": {
            "name": "Súkromná SOŠ",
            "address": {
                "street": "Hviezdoslavova 14",
                "village": "Bardejov",
                "zip": "08584"
            },
            "district": "Bardejov",
            "region": "Prešovský kraj",
            "footprint": "160.9634"
        },
        "3324": {
            "name": "Základná škola s MŠ",
            "address": {
                "street": "Osloboditeľov 204",
                "village": "Kamenica nad Cirochou",
                "zip": "6783"
            },
            "district": "Humenné",
            "region": "Prešovský kraj",
            "footprint": "58.8523"
        },
        "3307": {
            "name": "Cirkevná základná škola",
            "address": {
                "street": "Smreková 38",
                "village": "Smižany",
                "zip": "5311"
            },
            "district": "Spišská Nová Ves",
            "region": "Košický kraj",
            "footprint": "399.6269"
        },
        "3310": {
            "name": "Špeciálna základná škola",
            "address": {
                "street": "SNP 49",
                "village": "Krompachy",
                "zip": "05342"
            },
            "district": "Spišská Nová Ves",
            "region": "Košický kraj",
            "footprint": "27.3508"
        },
        "3325": {
            "name": "Základná škola s materskou školou",
            "address": {
                "street": "Žbince 145",
                "village": "Žbince",
                "zip": "07216"
            },
            "district": "Michalovce",
            "region": "Košický kraj",
            "footprint": "60.9019"
        },
        "3328": {
            "name": "SPŠ elektrotechnická",
            "address": {
                "street": "Komenského 44",
                "village": "Košice",
                "zip": "04001"
            },
            "district": "Košice I",
            "region": "Košický kraj",
            "footprint": "300.6928"
        },
        "3338": {
            "name": "Základná škola",
            "address": {
                "street": "Českoslov. armády 15",
                "village": "Moldava nad Bodvou",
                "zip": "4501"
            },
            "district": "Košice - okolie",
            "region": "Košický kraj",
            "footprint": "181.4595"
        },
        "3315": {
            "name": "Základná škola s MŠ",
            "address": {
                "street": "Nám. O. Cabana 36",
                "village": "Komjatice",
                "zip": "94106"
            },
            "district": "Nové Zámky",
            "region": "Nitriansky kraj",
            "footprint": "128.0085"
        },
        "3314": {
            "name": "Základná škola",
            "address": {
                "street": "Nábrežná 95",
                "village": "Nové Zámky",
                "zip": "94057"
            },
            "district": "Nové Zámky",
            "region": "Nitriansky kraj",
            "footprint": "127.1145"
        },
        "3286": {
            "name": "Evanjelická základná škola Zlatice Oravcovej",
            "address": {
                "street": "Daxnerova 42",
                "village": "Rimavská Sobota",
                "zip": "97901"
            },
            "district": "Rimavská Sobota",
            "region": "Banskobystrický kraj",
            "footprint": "43.4441"
        },
        "3350": {
            "name": "Stredná zdravotnícka škola",
            "address": {
                "street": "Lúčna 2",
                "village": "Lučenec",
                "zip": "98417"
            },
            "district": "Lučenec",
            "region": "Banskobystrický kraj",
            "footprint": "120.6816"
        },
        "3346": {
            "name": "Materská škola",
            "address": {
                "street": "Rázdolie 191/10",
                "village": "Malé Uherce",
                "zip": "95803"
            },
            "district": "Partizánske",
            "region": "Trenčiansky kraj",
            "footprint": "8.0328"
        },
        "3321": {
            "name": "Materská škola",
            "address": {
                "street": "Obuvnícka 435/30",
                "village": "Partizánske",
                "zip": "95801"
            },
            "district": "Partizánske",
            "region": "Trenčiansky kraj",
            "footprint": "29.8782"
        },
        "3317": {
            "name": "MŠ pri ZŠ",
            "address": {
                "street": "Trstín 372",
                "village": "Trstín",
                "zip": "91905"
            },
            "district": "Trnava",
            "region": "Trnavský kraj",
            "footprint": "14.6857"
        },
        "3340": {
            "name": "Materská škola",
            "address": {
                "street": "Fojstvo 1253",
                "village": "Raková",
                "zip": "02351"
            },
            "district": "Čadca",
            "region": "Žilinský kraj",
            "footprint": "24.179"
        },
        "3312": {
            "name": "Materská škola",
            "address": {
                "street": "Sásovská cesta 21",
                "village": "Banská Bystrica",
                "zip": "97411"
            },
            "district": "Banská Bystrica",
            "region": "Banskobystrický kraj",
            "footprint": "27.3508"
        }
    },
    "2017-2018": {
        "3389": {
            "name": "Súkromná SOŠ",
            "address": {
                "street": "Hviezdoslavova 14",
                "village": "Bardejov",
                "zip": "08584"
            },
            "district": "Bardejov",
            "region": "Prešovský kraj",
            "footprint": "117.2173"
        },
        "3368": {
            "name": "Základná škola sv. Cyrila a Metoda",
            "address": {
                "street": "Markušovská cesta 8",
                "village": "Spišská Nová Ves",
                "zip": "05201"
            },
            "district": "Spišská Nová Ves",
            "region": "Košický kraj",
            "footprint": "93.366"
        },
        "3352": {
            "name": "Špeciálna základná škola",
            "address": {
                "street": "SNP 49",
                "village": "Krompachy",
                "zip": "05342"
            },
            "district": "Spišská Nová Ves",
            "region": "Košický kraj",
            "footprint": "27.3091"
        },
        "3356": {
            "name": "Základná škola SNP",
            "address": {
                "street": "Horná Ždaňa 107",
                "village": "Horná Ždaňa",
                "zip": "96604"
            },
            "district": "Žiar nad Hronom",
            "region": "Banskobystrický kraj",
            "footprint": "60.2269"
        },
        "3409": {
            "name": "Základná škola s materskou školou",
            "address": {
                "street": "Žbince 145",
                "village": "Žbince",
                "zip": "07216"
            },
            "district": "Michalovce",
            "region": "Košický kraj",
            "footprint": "69.7912"
        },
        "3401": {
            "name": "Základná škola",
            "address": {
                "street": "Českoslov. armády 15",
                "village": "Moldava nad Bodvou",
                "zip": "4501"
            },
            "district": "Košice - okolie",
            "region": "Košický kraj",
            "footprint": "181.3608"
        },
        "3377": {
            "name": "Základná škola s MŠ",
            "address": {
                "street": "Nám. O. Cabana 36",
                "village": "Komjatice",
                "zip": "94106"
            },
            "district": "Nové Zámky",
            "region": "Nitriansky kraj",
            "footprint": "118.1521"
        },
        "3379": {
            "name": "Stredná zdravotnícka škola",
            "address": {
                "street": "Lúčna 2",
                "village": "Lučenec",
                "zip": "98417"
            },
            "district": "Lučenec",
            "region": "Banskobystrický kraj",
            "footprint": "97.4763"
        },
        "3358": {
            "name": "Stredná zdravotnícka škola",
            "address": {
                "street": "Lúčna 2",
                "village": "Lučenec",
                "zip": "98417"
            },
            "district": "Lučenec",
            "region": "Banskobystrický kraj",
            "footprint": "96.2269"
        },
        "3396": {
            "name": "Materská škola",
            "address": {
                "street": "Rázdolie 191/10",
                "village": "Malé Uherce",
                "zip": "95803"
            },
            "district": "Partizánske",
            "region": "Trenčiansky kraj",
            "footprint": "8.1757"
        },
        "3392": {
            "name": "Materská škola",
            "address": {
                "street": "Obuvnícka 435/30",
                "village": "Partizánske",
                "zip": "95801"
            },
            "district": "Partizánske",
            "region": "Trenčiansky kraj",
            "footprint": "37.4598"
        },
        "3388": {
            "name": "Základná škola s MŠ",
            "address": {
                "street": "Bobrov",
                "village": "Bobrov",
                "zip": "2942"
            },
            "district": "Námestovo",
            "region": "Žilinský kraj",
            "footprint": "29.1818"
        },
        "3353": {
            "name": "Súkromná základná škola",
            "address": {
                "street": "Ružová 14",
                "village": null,
                "zip": "97411"
            },
            "district": "Banská Bystrica",
            "region": "Banskobystrický kraj",
            "footprint": "308.4634"
        },
        "3383": {
            "name": "Materská škola",
            "address": {
                "street": "Sídlisko Rimava 28/1066",
                "village": "Rimavská Sobota",
                "zip": "97901"
            },
            "district": "Rimavská Sobota",
            "region": "Banskobystrický kraj",
            "footprint": "32.2379"
        },
        "3378": {
            "name": "Materská škola",
            "address": {
                "street": "Rybárska 50/1743",
                "village": "Rimavská Sobota",
                "zip": "97901"
            },
            "district": "Rimavská Sobota",
            "region": "Banskobystrický kraj",
            "footprint": "67.7108"
        }
    },
    "2018-2019": {
        "3459": {
            "name": "Špeciálna základná škola",
            "address": {
                "street": "Ďumbierska 15",
                "village": "Banská Bystrica",
                "zip": "97411"
            },
            "district": "Banská Bystrica",
            "region": "Banskobystrický kraj",
            "footprint": "61.279"
        },
        "3465": {
            "name": "Materská škola",
            "address": {
                "street": "J.Bánika 1733/41",
                "village": "Zvolen",
                "zip": "96001"
            },
            "district": "Zvolen",
            "region": "Banskobystrický kraj",
            "footprint": "14.3616"
        },
        "3468": {
            "name": "Súkromná SOŠ",
            "address": {
                "street": "Hviezdoslavova 14",
                "village": "Bardejov",
                "zip": "08584"
            },
            "district": "Bardejov",
            "region": "Prešovský kraj",
            "footprint": "107.6935"
        },
        "3449": {
            "name": "Materská škola",
            "address": {
                "street": "E. P. Voljanského 491/3",
                "village": "Zvolen",
                "zip": "96001"
            },
            "district": "Zvolen",
            "region": "Banskobystrický kraj",
            "footprint": "42.345"
        },
        "3429": {
            "name": "Stredná zdravotnícka škola",
            "address": {
                "street": "Lúčna 2",
                "village": "Lučenec",
                "zip": "98417"
            },
            "district": "Lučenec",
            "region": "Banskobystrický kraj",
            "footprint": "125.3563"
        },
        "3461": {
            "name": "Materská škola",
            "address": {
                "street": "Rázdolie 191/10",
                "village": "Malé Uherce",
                "zip": "95803"
            },
            "district": "Partizánske",
            "region": "Trenčiansky kraj",
            "footprint": "8.0612"
        },
        "3466": {
            "name": "Materská škola",
            "address": {
                "street": "Rybárska 50/1743",
                "village": "Rimavská Sobota",
                "zip": "97901"
            },
            "district": "Rimavská Sobota",
            "region": "Banskobystrický kraj",
            "footprint": "59.1681"
        }
    },
    "2019-2020": {
        "3503": {
            "name": "Spojená škola",
            "address": {
                "street": "Hlavná 2",
                "village": "Žilina-Bytčica",
                "zip": "01009"
            },
            "district": "Žilina",
            "region": "Žilinský kraj",
            "footprint": "160.5919"
        },
        "3501": {
            "name": "Základná škola s MŠ",
            "address": {
                "street": "Nám. O. Cabana 36",
                "village": "Komjatice",
                "zip": "94106"
            },
            "district": "Nové Zámky",
            "region": "Nitriansky kraj",
            "footprint": "87.2302"
        },
        "3499": {
            "name": "Základná škola",
            "address": {
                "street": "Školská 116",
                "village": "Ružiná",
                "zip": "98552"
            },
            "district": "Lučenec",
            "region": "Banskobystrický kraj",
            "footprint": "22.8588"
        },
        "3469": {
            "name": "Základná škola s MŠ",
            "address": {
                "street": "Vlkovce 70",
                "village": "Vlkovce",
                "zip": "5971"
            },
            "district": "Kežmarok",
            "region": "Prešovský kraj",
            "footprint": "8.4119"
        },
        "3519": {
            "name": "Materská škola",
            "address": {
                "street": "Tulská 25",
                "village": "Banská Bystrica",
                "zip": "97404"
            },
            "district": "Banská Bystrica",
            "region": "Banskobystrický kraj",
            "footprint": "79.4441"
        },
        "3497": {
            "name": "Stredná zdravotnícka škola",
            "address": {
                "street": "Lúčna 2",
                "village": "Lučenec",
                "zip": "98417"
            },
            "district": "Lučenec",
            "region": "Banskobystrický kraj",
            "footprint": "115.0528"
        },
        "3507": {
            "name": "Materská škola",
            "address": {
                "street": "Rázdolie 191/10",
                "village": "Malé Uherce",
                "zip": "95803"
            },
            "district": "Partizánske",
            "region": "Trenčiansky kraj",
            "footprint": "7.9594"
        },
        "3472": {
            "name": "Materská škola",
            "address": {
                "street": "I. Hatvaniho 321",
                "village": "Rimavská Sobota",
                "zip": "97901"
            },
            "district": "Rimavská Sobota",
            "region": "Banskobystrický kraj",
            "footprint": "86.9247"
        }
    }
}
